FEDEX ID,ASSIGNED FUNCTION
4377773	,INT
5696586	,LOADING
4625101	,LINK
8961788	,INT
9807239	,FNT
9485561	,LOADING
9504252	,REPACK
3625581	,INT
3672230	,LOADING
3640388	,LOADING
3728254	,LOADING
8961863	,FNT
3669716	,FNT
3564112	,FNT
3672246	,FNT
6409243	,FNT
2783484	,FNT
4634477	,FNT
4609087	,CASE PICK
3186433	,INT
2783516	,LOADING
2783957	,RAW
4723930	,INT
4658669	,LOADING
4666288	,CASE PICK
4624219	,LINK
2784285	,INT
2783464	,INT
3804749	,CASE PICK
8964067	,REPACK
8993432	,CASE PICK
9514050	,CASE PICK
9544352	,CASE PICK
2782480	,FNT

